{
  "timestamp": "2025-06-16T01:30:52.825605",
  "clinical_metrics": {
    "overall_accuracy": 0.7870370370370371,
    "class_metrics": {
      "Green": {
        "precision": 0.5714285714285714,
        "recall": 0.631578947368421,
        "f1_score": 0.6
      },
      "Yellow": {
        "precision": 0.84375,
        "recall": 0.8059701492537313,
        "f1_score": 0.8244274809160306
      },
      "Red": {
        "precision": 0.8260869565217391,
        "recall": 0.8636363636363636,
        "f1_score": 0.8444444444444444
      }
    },
    "confusion_matrix": [
      [
        12,
        7,
        0
      ],
      [
        9,
        54,
        4
      ],
      [
        0,
        3,
        19
      ]
    ],
    "clinical_safety": {
      "under_triage_rate": 0.1111111111111111,
      "over_triage_rate": 0.10185185185185185,
      "critical_under_triage_rate": 0.0,
      "critical_sensitivity": 0.0
    }
  },
  "performance_metrics": {
    "avg_inference_time_ms": 0.09502683367047991,
    "throughput_samples_per_sec": 10523.343369175627,
    "model_size_mb": 0.17774581909179688,
    "total_parameters": 46595,
    "total_samples_tested": 108
  },
  "training_history": {
    "train_loss": [
      1.2344199106806801,
      1.044422169526418,
      0.8146784901618958,
      0.7256217513765607,
      0.6297124780359722,
      0.5944080196675801,
      0.5143919431027912,
      0.5089198691504342,
      0.5082491551126752,
      0.3774728278319041,
      0.41576200085026876,
      0.3479640909603664,
      0.38456979110127404,
      0.29897043853998184,
      0.25977769174746107,
      0.30742049252703074,
      0.3105601285185133,
      0.2251128547248386,
      0.22212668366375424,
      0.2318472805477324,
      0.2084170083204905
    ],
    "train_acc": [
      27.86377708978328,
      40.247678018575854,
      54.17956656346749,
      58.204334365325074,
      68.42105263157895,
      69.3498452012384,
      73.9938080495356,
      76.47058823529412,
      78.94736842105263,
      86.06811145510837,
      82.6625386996904,
      86.9969040247678,
      84.82972136222911,
      88.54489164086688,
      89.47368421052632,
      89.47368421052632,
      88.23529411764706,
      92.26006191950465,
      92.87925696594428,
      91.0216718266254,
      88.23529411764706
    ],
    "val_loss": [
      1.0383474571364266,
      0.9005381464958191,
      0.8242350178105491,
      0.7904087901115417,
      0.7538075191634042,
      0.7059418346200671,
      0.672847215618406,
      0.647981584072113,
      0.6465761342218944,
      0.6243156066962651,
      0.6217016577720642,
      0.6016926148108074,
      0.59104366174766,
      0.6008949152060917,
      0.5952827547277723,
      0.5817112071173531,
      0.5769803651741573,
      0.6055093109607697,
      0.5963954372065408,
      0.647573994738715,
      0.6060919506209237
    ],
    "val_acc": [
      24.074074074074073,
      44.44444444444444,
      49.074074074074076,
      61.111111111111114,
      66.66666666666667,
      75.0,
      69.44444444444444,
      71.29629629629629,
      75.0,
      73.14814814814815,
      71.29629629629629,
      74.07407407407408,
      74.07407407407408,
      74.07407407407408,
      75.0,
      73.14814814814815,
      73.14814814814815,
      73.14814814814815,
      71.29629629629629,
      72.22222222222223,
      72.22222222222223
    ],
    "epochs": [
      1,
      2,
      3,
      4,
      5,
      6,
      7,
      8,
      9,
      10,
      11,
      12,
      13,
      14,
      15,
      16,
      17,
      18,
      19,
      20,
      21
    ]
  },
  "model_info": {
    "architecture": "ImprovedTriageModel",
    "total_parameters": 46595,
    "model_size_mb": 0.17774581909179688
  },
  "data_info": {
    "total_samples": 539,
    "train_samples": 323,
    "val_samples": 108,
    "test_samples": 108,
    "class_distribution": [
      95,
      332,
      112
    ],
    "feature_dimensions": {
      "numerical": 7,
      "boolean": 268,
      "temporal": 3
    }
  },
  "summary": {
    "overall_performance": "Good",
    "key_findings": [
      "Overall accuracy: 0.787",
      "Critical case sensitivity: 0.000",
      "Under-triage rate: 0.111",
      "Average inference time: 0.10ms"
    ],
    "recommendations": [
      "Critical: Improve critical case detection"
    ],
    "risk_assessment": "High"
  }
}